<DATE>	<OPEN>	<HIGH>	<LOW>	<CLOSE>	<TICKVOL>	<VOL>	<SPREAD>
2020.01.02	13219.50	13442.60	13212.70	13441.00	10986859	128320	0
2020.01.03	13434.00	13439.70	13118.05	13175.65	17115748	155185	0
2020.01.06	13105.05	13163.65	12947.25	13157.15	13955073	158500	0
2020.01.07	13175.65	13286.35	13149.85	13195.85	13600046	162120	0
2020.01.08	12992.05	13408.75	12984.95	13367.25	15440840	172810	0
2020.01.09	13427.35	13530.35	13392.55	13517.35	22209280	163640	0
2020.01.10	13538.45	13554.55	13436.05	13463.45	29923357	166770	0
2020.01.13	13509.40	13535.45	13406.85	13478.20	9335670	164130	0
2020.01.14	13491.25	13502.40	13365.85	13459.25	12763247	162830	0
2020.01.15	13439.70	13466.05	13391.25	13409.55	10472094	163680	0
2020.01.16	13426.30	13497.85	13384.25	13467.55	10625889	162230	0
2020.01.17	13481.15	13561.15	13472.60	13539.95	9051758	162380	0
2020.01.20	13540.50	13582.25	13489.75	13580.45	5196024	164660	0
2020.01.21	13534.35	13573.80	13439.30	13526.75	11369077	164130	0
2020.01.22	13574.25	13641.90	13482.35	13489.35	11500210	161260	0
2020.01.23	13487.15	13500.75	13382.25	13486.45	12537963	162890	0
2020.01.24	13504.40	13607.50	13478.40	13522.95	14729003	159220	0
2020.01.27	13424.45	13425.25	13194.45	13201.25	17137979	154420	0
2020.01.28	13226.15	13338.25	13165.45	13322.25	29714717	157950	0
2020.01.29	13325.25	13377.65	13295.25	13316.65	34431299	162400	0
2020.01.30	13297.45	13306.40	13119.75	13242.25	76772242	160910	0
2020.01.31	13264.70	13270.35	12883.95	12933.80	60366267	158150	0
2020.02.03	12987.15	13079.55	12983.70	13028.55	16046004	162110	0
2020.02.04	13053.45	13295.30	13051.60	13281.25	26240730	164750	0
2020.02.05	13247.45	13517.80	13222.50	13501.95	51166146	162480	0
2020.02.06	13521.95	13606.45	13509.95	13569.85	54079613	164610	0
2020.02.07	13546.25	13578.35	13460.90	13474.55	65963860	173270	0
2020.02.10	13451.45	13527.00	13444.45	13526.95	10611397	158560	0
2020.02.11	13582.65	13671.55	13554.75	13627.85	11526338	165380	0
2020.02.12	13626.25	13788.85	13622.15	13777.85	10254001	165890	0
2020.02.13	13757.25	13770.25	13583.15	13740.85	15409610	160000	0
2020.02.14	13748.35	13799.85	13717.35	13760.55	21846163	176080	0
2020.02.17	13785.65	13816.65	13760.25	13793.05	5424488	187010	0
2020.02.18	13746.95	13752.10	13664.70	13705.35	13300520	180170	0
2020.02.19	13720.55	13796.05	13717.55	13779.95	11685840	174510	0
2020.02.20	13826.35	13826.85	13654.35	13732.45	16924006	165990	0
2020.02.21	13701.45	13709.95	13500.35	13560.65	19258671	164890	0
2020.02.24	13365.45	13369.35	12967.65	12974.05	27692184	155700	0
2020.02.25	13130.35	13163.00	12610.35	12625.25	28850244	153020	0
2020.02.26	12669.30	12851.85	12368.45	12598.55	33235616	176730	0
2020.02.27	12518.20	12592.15	12139.55	12144.95	33059180	189470	0
2020.02.28	12088.15	12159.15	11722.85	11925.45	28605730	195100	0
2020.03.02	11894.15	12214.25	11621.45	12053.25	22539657	223560	0
2020.03.03	12072.05	12270.05	11734.55	11819.30	25756694	197880	0
2020.03.04	11936.50	12277.45	11875.00	12270.85	21754267	198880	0
2020.03.05	12174.15	12222.15	11749.65	11782.65	24030999	179390	0
2020.03.06	11770.75	11786.75	11418.65	11545.90	26085992	206490	0
2020.03.09	11029.35	11040.25	10351.50	10352.45	23481022	248650	0
2020.03.10	10885.45	11032.45	10417.00	10874.15	23203973	254160	0
2020.03.11	10625.10	10756.95	10206.55	10300.05	22167374	256330	0
2020.03.12	9950.80	9983.85	8967.20	8993.05	22874393	300410	0
2020.03.13	8967.80	9988.45	8817.15	9609.30	23627600	305080	0
2020.03.16	8854.40	8991.70	8227.30	8530.90	19789446	340770	0
2020.03.17	8976.35	9163.20	8415.90	8859.80	22046361	337920	0
2020.03.18	8668.05	8879.80	8184.45	8458.80	19383659	561730	0
2020.03.19	8579.20	8805.70	7966.45	8540.30	17279239	846320	0
2020.03.20	8613.40	9178.40	8512.40	8579.30	19455750	822420	0
2020.03.23	8298.50	9085.00	8240.00	8776.50	24054720	736150	0
2020.03.24	8921.70	9720.60	8876.20	9676.20	20446277	769130	0
2020.03.25	9621.70	10121.20	9416.70	9781.20	23666794	789410	0
2020.03.26	9634.00	10055.10	9495.00	10055.00	19089281	872270	0
2020.03.27	9879.10	9992.10	9508.85	9527.45	18553742	742370	0
2020.03.30	9492.15	9860.55	9426.65	9850.55	18978897	575130	0
2020.03.31	9939.75	10074.85	9679.25	9802.75	19345156	595400	0
2020.04.01	9724.05	9742.55	9306.05	9336.05	19132336	534780	0
2020.04.02	9384.05	9633.55	9316.85	9594.25	21710269	559150	0
2020.04.03	9554.65	9608.55	9420.65	9502.55	19755795	560930	0
2020.04.06	9771.65	10249.15	9706.65	10194.15	20047100	535600	0
2020.04.07	10233.55	10575.65	10085.05	10199.05	26782927	543620	0
2020.04.08	10174.65	10412.55	10150.25	10386.55	20908017	591040	0
2020.04.09	10409.15	10704.05	10298.55	10659.65	24656498	564700	0
2020.04.14	10600.25	10817.65	10599.25	10715.15	15011079	711370	0
2020.04.15	10693.05	10736.45	10229.95	10256.15	20791853	475980	0
2020.04.16	10187.45	10436.35	10165.25	10305.55	20172670	458740	0
2020.04.17	10570.25	10751.45	10532.05	10692.35	17928576	458300	0
2020.04.20	10716.85	10769.55	10433.05	10541.75	18295558	436610	0
2020.04.21	10575.55	10617.05	10223.75	10273.15	20647695	488880	0
2020.04.22	10241.25	10465.65	10238.75	10435.95	16855628	494960	0
2020.04.23	10394.15	10604.35	10313.85	10384.85	17885324	473910	0
2020.04.24	10312.05	10481.95	10253.05	10463.05	15841262	456010	0
2020.04.27	10434.15	10717.35	10421.65	10686.65	16339446	468180	0
2020.04.28	10684.75	10895.15	10630.25	10718.35	19677582	428320	0
2020.04.29	10779.55	11155.45	10768.95	11121.45	21793319	420180	0
2020.04.30	11159.05	11335.45	10754.95	10824.05	23864395	359920	0
2020.05.04	10425.25	10606.75	10369.25	10588.95	19307023	459530	0
2020.05.05	10594.15	10747.05	10514.55	10633.25	17904572	416220	0
2020.05.06	10613.45	10768.95	10536.95	10540.15	15407573	507010	0
2020.05.07	10558.95	10796.95	10558.95	10716.15	14732697	481040	0
2020.05.08	10816.65	10920.05	10809.85	10915.15	11120397	445330	0
2020.05.11	10977.55	11024.05	10730.05	10868.75	14246481	451080	0
2020.05.12	10768.35	10879.75	10664.55	10664.55	14503698	410290	0
2020.05.13	10599.25	10699.25	10427.75	10509.05	20329435	397680	0
2020.05.14	10469.65	10504.15	10156.05	10451.65	24154420	415330	0
2020.05.15	10439.35	10540.75	10369.25	10522.65	21064944	408280	0
2020.05.18	10587.15	11140.35	10579.65	11082.15	17323982	375150	0
2020.05.19	11080.05	11224.05	10927.05	10955.05	21147137	382190	0
2020.05.20	11007.95	11241.85	10969.35	11205.05	16146721	401570	0
2020.05.21	11176.05	11197.15	11025.75	11069.05	16338860	394770	0
2020.05.22	11102.35	11131.55	10855.35	11118.85	16806008	385740	0
2020.05.25	11152.15	11394.65	11106.05	11389.05	10122207	412850	0
2020.05.26	11356.15	11538.05	11348.55	11448.25	16868313	348340	0
2020.05.27	11515.30	11739.15	11477.95	11712.15	20985517	282520	0
2020.05.28	11750.65	11827.05	11646.45	11665.55	21553620	359380	0
2020.05.29	11665.65	11723.65	11507.05	11662.55	21345700	377360	0
2020.06.01	11713.75	11933.75	11642.65	11925.25	15498396	400320	0
2020.06.02	11911.95	12077.45	11845.85	12074.75	13582772	319340	0
2020.06.03	12126.25	12552.25	12101.75	12510.25	18634470	419860	0
2020.06.04	12504.25	12553.25	12318.25	12409.45	21118861	438730	0
2020.06.05	12410.25	12859.35	12394.35	12768.95	23326250	363440	0
2020.06.08	12835.75	12922.95	12667.85	12922.95	19992840	368600	0
2020.06.09	12886.05	12908.55	12493.35	12617.95	22246714	317250	0
2020.06.10	12653.75	12759.05	12454.55	12488.55	23732244	349680	0
2020.06.11	12459.85	12483.35	11745.15	11785.15	30933904	351190	0
2020.06.12	11870.65	12164.05	11781.15	12006.05	31863775	389840	0
2020.06.15	11846.25	12087.75	11577.05	12067.95	25240680	408070	0
2020.06.16	12185.45	12424.25	12119.25	12287.55	29228682	369770	0
2020.06.17	12284.15	12422.65	12203.15	12329.15	23957960	407350	0
2020.06.18	12239.25	12475.15	12147.65	12262.25	21483725	405870	0
2020.06.19	12245.35	12424.85	12162.85	12186.85	24807023	392810	0
2020.06.22	12118.25	12381.95	12087.25	12316.05	22501010	388590	0
2020.06.23	12362.35	12596.95	12139.35	12429.75	22169508	416250	0
2020.06.24	12458.35	12498.85	12011.35	12122.35	26051243	385150	0
2020.06.25	12173.45	12316.55	11932.85	12309.65	25008819	364920	0
2020.06.26	12265.95	12346.95	12021.45	12046.45	22829626	377320	0
2020.06.29	12011.55	12291.95	11942.95	12278.15	23138363	355540	0
2020.06.30	12291.75	12399.35	12179.45	12351.55	16756727	462720	0
2020.07.01	12340.25	12392.35	12073.75	12298.35	16422187	444590	0
2020.07.02	12240.15	12649.85	12223.15	12557.45	18968451	361820	0
2020.07.03	12567.05	12654.15	12463.35	12572.35	9691764	389640	0
2020.07.06	12634.85	12835.35	12622.85	12736.95	15802690	348340	0
2020.07.07	12782.65	12802.15	12509.05	12523.65	15685507	350980	0
2020.07.08	12568.50	12663.25	12449.25	12583.45	15946450	382330	0
2020.07.09	12599.35	12699.15	12434.75	12556.65	17633900	323920	0
2020.07.10	12590.65	12709.75	12389.15	12698.65	16456638	370580	0
2020.07.13	12715.85	12868.35	12525.35	12548.85	17595245	385720	0
2020.07.14	12605.25	12786.05	12519.75	12761.05	21584655	372560	0
2020.07.15	12841.75	12992.25	12762.15	12906.15	17438780	330340	0
2020.07.16	12871.65	12913.65	12794.75	12895.15	16077879	350700	0
2020.07.17	12910.55	12965.05	12859.25	12954.45	12140489	361660	0
2020.07.20	12938.85	13091.75	12797.35	13074.25	14688450	345680	0
2020.07.21	13095.35	13307.35	13067.35	13088.35	16202245	322380	0
2020.07.22	13134.25	13193.65	13056.75	13129.15	14371154	371050	0
2020.07.23	13093.25	13211.05	12945.25	12989.45	19210710	362580	0
2020.07.24	13009.25	13025.75	12768.25	12823.65	18761520	350020	0
2020.07.27	12861.05	12904.15	12801.05	12879.05	14809920	356820	0
2020.07.28	12901.05	12972.55	12736.95	12774.45	14212019	360420	0
2020.07.29	12811.55	12874.65	12742.05	12859.55	11631909	365520	0
2020.07.30	12844.35	12866.45	12241.85	12448.35	17247865	341780	0
2020.07.31	12432.55	12517.65	12201.05	12309.55	17712132	398460	0
2020.08.03	12325.55	12693.55	12315.95	12645.95	12906808	366840	0
2020.08.04	12687.85	12763.75	12518.75	12616.75	12881189	373830	0
2020.08.05	12595.65	12754.65	12571.05	12614.55	11728399	354680	0
2020.08.06	12667.55	12795.95	12510.85	12651.45	13892608	352780	0
2020.08.07	12651.25	12701.35	12509.25	12700.25	13546820	360730	0
2020.08.10	12696.85	12770.25	12593.75	12741.75	12659022	356400	0
2020.08.11	12741.25	13044.25	12736.75	12820.75	14439231	342810	0
2020.08.12	12894.65	13097.15	12820.25	13073.65	12886702	387440	0
2020.08.13	13078.15	13078.15	12915.65	12958.15	12733215	362520	0
2020.08.14	12978.05	13010.55	12785.45	12863.45	12156843	378220	0
2020.08.17	12878.15	12955.75	12836.65	12920.65	8720904	377190	0
2020.08.18	12922.45	13047.55	12795.45	12854.95	11577339	356040	0
2020.08.19	12864.35	12989.35	12824.25	12926.25	10654048	371960	0
2020.08.20	12880.05	12904.65	12742.55	12854.15	12499799	328750	0
2020.08.21	12922.95	12922.95	12625.35	12790.85	14133643	349410	0
2020.08.24	12791.95	13104.95	12778.95	13075.95	11880882	350840	0
2020.08.25	13146.55	13220.55	13007.55	13091.55	11693373	344340	0
2020.08.26	13097.25	13242.65	13005.15	13231.15	10889998	355790	0
2020.08.27	13213.05	13229.55	13017.55	13064.05	15814748	334770	0
2020.08.28	13121.25	13189.75	12944.15	13060.65	14238017	360580	0
2020.08.31	13130.35	13151.95	12898.85	12937.35	12600579	339120	0
2020.09.01	12969.75	13126.65	12845.15	12991.15	14715290	351012	0
2020.09.02	13040.85	13353.25	13004.75	13346.75	15702421	340000	0
2020.09.03	13337.65	13461.15	12931.15	12991.05	22892692	348120	0
2020.09.04	12998.85	13125.85	12743.75	12959.75	23711738	355170	0
2020.09.07	12925.25	13136.15	12865.25	13123.15	12558416	373570	0
2020.09.08	13102.55	13158.65	12852.55	12903.05	25203280	351190	0
2020.09.09	12894.05	13315.05	12888.05	13254.55	18591657	351580	0
2020.09.10	13268.85	13305.35	13091.85	13102.35	21392963	351040	0
2020.09.11	13167.75	13255.75	13109.55	13179.85	17899721	351560	0
2020.09.14	13235.65	13337.65	13141.55	13165.55	14979229	321490	0
2020.09.15	13145.95	13260.35	13132.35	13216.35	12285648	335540	0
2020.09.16	13192.15	13276.75	13179.75	13197.15	13612880	342660	0
2020.09.17	13158.35	13246.45	13031.25	13220.95	17160233	370905	0
2020.09.18	13221.25	13262.25	13053.75	13117.25	17224890	346650	0
2020.09.21	13144.65	13153.65	12496.25	12635.65	22038770	339640	0
2020.09.22	12676.35	12693.25	12551.25	12679.55	16941520	372200	0
2020.09.23	12698.35	12823.95	12520.25	12531.75	16870810	345100	0
2020.09.24	12512.55	12688.55	12449.45	12618.45	21947650	340680	0
2020.09.25	12665.85	12706.85	12333.15	12567.95	18952784	344480	0
2020.09.28	12568.75	12880.65	12553.15	12862.85	15819742	316130	0
2020.09.29	12890.15	12942.65	12731.55	12817.25	15529222	336410	0
2020.09.30	12821.75	12894.95	12681.45	12742.65	19813190	349220	0
2020.10.01	12776.45	12857.25	12664.85	12722.25	18183098	305150	0
2020.10.02	12706.75	12737.65	12536.65	12705.25	21442220	322700	0
2020.10.05	12768.75	12885.65	12723.65	12879.25	13327157	331740	0
2020.10.06	12844.85	12963.75	12772.95	12805.65	15797419	321570	0
2020.10.07	12814.25	12959.05	12796.15	12940.65	14786651	317800	0
2020.10.08	12961.15	13101.05	12934.15	13062.75	13189399	319390	0
2020.10.09	13073.95	13094.85	13006.75	13055.35	11223818	315680	0
2020.10.12	13044.55	13175.95	13035.95	13154.85	14303293	321250	0
2020.10.13	13139.25	13163.75	12953.55	12992.55	17500360	314440	0
2020.10.14	13011.35	13064.85	12948.75	12964.65	16170640	325370	0
2020.10.15	12974.35	12990.85	12593.25	12736.05	20183434	310920	0
2020.10.16	12747.85	12955.35	12701.85	12898.45	15877860	313900	0
2020.10.19	12928.45	13028.45	12719.25	12735.65	16466586	321210	0
2020.10.20	12830.25	12847.65	12713.25	12735.15	20012524	332750	0
2020.10.21	12779.15	12817.75	12531.05	12532.95	20298040	315410	0
2020.10.22	12482.75	12602.25	12339.25	12580.75	16856738	342360	0
2020.10.23	12555.55	12719.05	12504.05	12659.85	6395131	325650	0
2020.10.26	12563.15	12563.15	12088.45	12205.05	8443580	283280	0
2020.10.27	12200.75	12276.75	11937.45	11940.15	7543279	307680	0
2020.10.28	11932.25	11960.15	11451.45	11519.55	9876584	286050	0
2020.10.29	11589.55	11702.95	11449.85	11581.35	9279899	306150	0
2020.10.30	11528.65	11637.05	11317.55	11626.55	9947060	329960	0
2020.11.02	11581.15	11834.45	11540.15	11800.55	8679888	328060	0
2020.11.03	11844.65	12184.95	11840.95	12127.55	7661020	308430	0
2020.11.04	12061.95	12363.85	11779.45	12261.25	10557200	375270	0
2020.11.05	12282.25	12589.15	12251.15	12523.65	7823657	342290	0
2020.11.06	12482.65	12592.45	12366.95	12478.75	7280018	349460	0
2020.11.09	12668.05	13294.95	12632.95	12991.25	9676326	308470	0
2020.11.10	12965.15	13239.55	12873.15	13164.95	10288927	332960	0
2020.11.11	13111.95	13246.85	13107.45	13230.95	7528435	350650	0
2020.11.12	13186.55	13186.55	12940.25	12981.25	8086508	331030	0
2020.11.13	12949.95	13141.85	12930.35	13120.35	5953464	344050	0
2020.11.16	13194.75	13279.75	13075.05	13155.55	7056360	311220	0
2020.11.17	13110.05	13168.45	13048.35	13142.85	6246860	340020	0
2020.11.18	13107.45	13212.95	13071.75	13104.85	6027960	326250	0
2020.11.19	13093.75	13147.15	13031.95	13142.85	6269220	335080	0
2020.11.20	13088.55	13169.35	13038.85	13127.15	5739646	316120	0
2020.11.23	13173.45	13313.75	13121.65	13183.15	5965640	300060	0
2020.11.24	13238.85	13334.25	13187.65	13320.75	5779152	279090	0
2020.11.25	13366.65	13373.65	13232.45	13293.05	5744368	279720	0
2020.11.26	13303.95	13331.85	13247.35	13274.45	3116341	295980	0
2020.11.27	13274.25	13366.45	13240.25	13362.65	4324280	296650	0
2020.11.30	13303.65	13446.55	13224.65	13274.45	7809024	285100	0
2020.12.01	13392.85	13436.25	13334.75	13381.85	6255762	279890	0
2020.12.02	13337.75	13374.25	13270.15	13296.95	6121388	288810	0
2020.12.03	13285.65	13329.05	13182.15	13208.15	5375249	275060	0
2020.12.04	13219.55	13319.55	13204.55	13298.55	5316010	299640	0
2020.12.07	13294.85	13294.85	13158.75	13272.75	5427717	281820	0
2020.12.08	13250.95	13318.65	13198.85	13305.05	4912808	303470	0
2020.12.09	13320.05	13459.05	13284.05	13334.65	5955104	261000	0
2020.12.10	13331.25	13372.05	13210.65	13285.65	6612700	293600	0
2020.12.11	13284.25	13306.75	13007.25	13148.85	6050072	280510	0
2020.12.14	13207.35	13296.25	13147.35	13194.15	5399481	292840	0
2020.12.15	13217.35	13432.75	13185.25	13427.95	5261051	295730	0
2020.12.16	13391.55	13601.05	13383.05	13584.95	5223839	303910	0
2020.12.17	13577.05	13736.95	13566.19	13689.45	4253760	292560	0
2020.12.18	13672.15	13778.15	13603.15	13652.65	4665073	472240	0
2020.12.21	13474.45	13525.75	13046.45	13368.45	5066576	583360	0
2020.12.22	13345.95	13440.15	13233.85	13420.05	3127956	628310	0
2020.12.23	13369.25	13624.15	13335.25	13599.15	2711401	520290	0
2020.12.28	13656.45	13827.45	13641.45	13789.35	1866990	633870	0
2020.12.29	13828.45	13909.45	13694.35	13720.35	3313413	588810	0
2020.12.30	13716.35	13800.35	13664.35	13665.35	2792766	611110	0
2021.01.04	13688.35	13924.45	13592.35	13683.35	5620918	563390	0
2021.01.05	13708.15	13769.35	13565.85	13703.05	3402480	294940	0
2021.01.06	13668.55	13932.65	13613.85	13854.55	3824159	298280	0
2021.01.07	13957.45	14010.55	13898.55	13989.15	2353296	295960	0
2021.01.08	14057.85	14138.95	13996.85	14085.15	2724632	296860	0
2021.01.11	14050.05	14052.55	13812.35	13944.35	2601595	295840	0
2021.01.12	13949.95	14008.15	13844.45	13929.25	2364525	295860	0
2021.01.13	13918.85	13982.35	13869.25	13955.35	2056236	295720	0
2021.01.14	13986.75	14032.05	13943.05	13972.55	2226237	295620	0
2021.01.15	13959.25	13962.25	13670.05	13767.15	4690677	429270	0
2021.01.18	13747.45	13912.25	13689.45	13897.25	2334047	425830	0
2021.01.19	13922.45	13960.45	13802.15	13854.15	3453065	399000	0
2021.01.20	13829.15	13968.95	13795.15	13962.95	3361720	396280	0
2021.01.21	13961.15	14027.85	13870.85	13936.85	2751147	354550	0
2021.01.22	13904.95	13918.85	13742.35	13875.65	4344033	392190	0
2021.01.25	13915.95	13954.45	13597.45	13734.45	5974230	367760	0
2021.01.26	13663.85	13931.15	13586.85	13886.15	4691691	350040	0
2021.01.27	13878.75	13888.75	13473.05	13524.05	7707929	348650	0
2021.01.28	13570.05	13717.35	13307.35	13645.35	8348201	336970	0
2021.01.29	13608.15	13616.15	13367.25	13415.15	9641300	331810	0
2021.02.01	13452.25	13686.25	13444.15	13674.25	6072618	342110	0
2021.02.02	13708.05	13883.35	13678.05	13870.35	5356680	354800	0
2021.02.03	13883.05	13989.35	13860.05	13964.35	4856679	346460	0
2021.02.04	13952.25	14071.55	13909.35	14062.05	4261844	342420	0
2021.02.05	14057.25	14113.55	14010.35	14063.45	4136880	334640	0
2021.02.08	14177.55	14189.55	14039.75	14081.75	3766962	339600	0
2021.02.09	14061.25	14075.25	13956.55	14023.35	3515884	345750	0
2021.02.10	14067.85	14096.95	13824.15	13920.15	5227689	326640	0
2021.02.11	13914.65	14050.85	13901.55	14036.85	4558855	338080	0
2021.02.12	14014.45	14075.65	13912.65	14067.65	3790505	330610	0
2021.02.15	14122.85	14158.95	14073.25	14117.75	2603881	335250	0
2021.02.16	14131.75	14157.75	14034.35	14047.95	4331820	332080	0
2021.02.17	13984.55	14069.45	13880.75	13947.75	5778220	338340	0
2021.02.18	13955.15	13962.15	13849.35	13923.35	5779260	327380	0
2021.02.19	13888.95	14024.15	13847.85	13960.15	5500480	333020	0
2021.02.22	14021.25	14021.25	13795.55	13918.45	6154740	341240	0
2021.02.23	13947.05	14008.05	13659.25	13879.25	8682524	328340	0
2021.02.24	13906.85	14023.25	13785.75	14009.25	7403500	339940	0
2021.02.25	14031.65	14071.65	13740.55	13772.75	8374839	328110	0
2021.02.26	13744.45	13878.65	13639.45	13784.35	9586800	339320	0
2021.03.01	13895.75	14035.15	13847.75	14024.05	5546552	324400	0
2021.03.02	14003.65	14099.85	13925.35	14031.85	7164143	323400	0
2021.03.03	14026.35	14194.65	13973.65	14011.85	7529918	324110	0
2021.03.04	13993.95	14095.25	13897.95	13980.25	9608780	320810	0
2021.03.05	13875.85	14068.05	13863.05	14048.05	10122089	326690	0
2021.03.08	14048.25	14410.45	13959.15	14353.45	8858520	328830	0
2021.03.09	14379.15	14476.35	14305.85	14451.35	6822460	333310	0
2021.03.10	14432.85	14562.35	14387.85	14554.35	7364035	326900	0
2021.03.11	14561.85	14598.35	14516.35	14553.85	6118260	318750	0
2021.03.12	14557.45	14566.25	14451.25	14564.25	6139319	295550	0
2021.03.15	14569.25	14589.25	14411.15	14506.95	6527188	285060	0
2021.03.16	14512.85	14606.15	14482.85	14563.35	6476313	307300	0
2021.03.17	14541.65	14685.95	14533.65	14661.95	8684880	220970	0
2021.03.18	14731.45	14809.75	14665.45	14691.75	7412041	259280	0
2021.03.19	14698.05	14754.65	14569.35	14636.75	9692640	230400	0
2021.03.22	14585.65	14687.15	14546.05	14664.45	7398371	212870	0
2021.03.23	14661.15	14714.85	14521.75	14623.05	9082799	223900	0
2021.03.24	14617.25	14625.75	14528.35	14562.35	8935839	240760	0
2021.03.25	14572.25	14709.75	14427.35	14709.75	9918432	282510	0
2021.03.26	14691.45	14862.85	14691.45	14859.85	8427728	276210	0
2021.03.29	14787.55	14902.45	14729.65	14880.35	9326772	280880	0
2021.03.30	14871.95	15040.15	14860.85	15003.95	8039960	277370	0
2021.03.31	15012.75	15057.75	14963.75	15032.95	6671168	290800	0
2021.04.01	15054.85	15206.05	15024.75	15179.05	6727992	300530	0
2021.04.06	15285.15	15335.35	15178.95	15208.25	6956809	302890	0
2021.04.07	15219.65	15253.95	15169.20	15222.10	6246976	288930	0
2021.04.08	15215.60	15267.70	15157.90	15208.90	6073379	256680	0
2021.04.09	15232.50	15273.70	15168.10	15271.70	6110320	261620	0
2021.04.12	15240.80	15284.80	15199.60	15250.80	3462320	256960	0
2021.04.13	15245.40	15293.70	15192.60	15263.60	2905210	227160	0
2021.04.14	15255.80	15310.20	15176.40	15186.40	3255818	239840	0
2021.04.15	15194.90	15294.10	15189.80	15293.10	2754860	254970	0
2021.04.16	15281.80	15523.90	15270.90	15520.90	3098472	241670	0
2021.04.19	15482.50	15512.70	15347.00	15395.00	3703620	247630	0
2021.04.20	15400.40	15412.40	15117.70	15170.00	3737490	250560	0
2021.04.21	15173.30	15278.70	15085.00	15275.70	3757230	239050	0
2021.04.22	15253.20	15350.40	15224.40	15254.40	3882570	239230	0
2021.04.23	15260.00	15323.20	15159.60	15284.60	2964070	250510	0
2021.04.26	15276.90	15339.10	15245.50	15299.10	2978980	244070	0
2021.04.27	15286.60	15322.70	15195.90	15274.90	2853440	260870	0
2021.04.28	15251.20	15365.40	15245.10	15293.40	3166070	256480	0
2021.04.29	15309.80	15344.60	15092.80	15204.90	3661530	253000	0
2021.04.30	15186.00	15255.30	15106.30	15151.30	3826780	247460	0
2021.05.03	15208.30	15279.50	15116.60	15269.50	2934890	254070	0
2021.05.04	15231.30	15271.50	14834.40	14916.40	4441320	251760	0
2021.05.05	14944.70	15195.90	14930.10	15172.90	3634340	269830	0
2021.05.06	15172.10	15287.10	15096.30	15266.30	4290814	242820	0
2021.05.07	15253.00	15419.80	15249.30	15409.80	3776080	277640	0
2021.05.10	15449.90	15469.80	15311.00	15320.00	3749720	252320	0
2021.05.11	15290.00	15290.80	15005.70	15116.50	5240554	255740	0
2021.05.12	15117.00	15226.50	14996.70	15094.20	5327530	254910	0
2021.05.13	15106.50	15268.25	14811.50	15241.90	5405952	261630	0
2021.05.14	15233.50	15461.70	15212.00	15452.70	3873090	212460	0
2021.05.17	15406.80	15481.95	15349.40	15429.10	4141460	221650	0
2021.05.18	15469.70	15540.85	15321.60	15324.80	3563170	218530	0
2021.05.19	15308.20	15330.10	14956.10	15169.40	5146140	230750	0
2021.05.20	15199.10	15396.20	15099.50	15363.40	3841522	227380	0
2021.05.21	15388.30	15465.00	15349.30	15432.50	3693772	215290	0
2021.05.24	15456.60	15588.15	15432.60	15556.00	2443413	232240	0
2021.05.25	15534.20	15603.70	15454.25	15482.20	3235829	225350	0
2021.05.26	15515.80	15542.90	15402.10	15455.10	3024182	220190	0
2021.05.27	15452.00	15489.80	15348.30	15427.90	3255914	229650	0
2021.05.28	15466.50	15547.40	15430.50	15486.70	2742258	223080	0
2021.05.31	15510.70	15513.50	15410.85	15437.80	1626374	221190	0
2021.06.01	15462.10	15685.00	15434.80	15576.60	3441172	216430	0
2021.06.02	15583.60	15629.90	15548.15	15595.20	3210441	212270	0
2021.06.03	15618.70	15656.85	15471.80	15638.20	3573987	211710	0
2021.06.04	15589.70	15705.85	15580.90	15698.00	2877405	222570	0
2021.06.07	15670.40	15730.60	15609.15	15697.30	2168585	214370	0
2021.06.08	15693.80	15727.15	15633.45	15666.40	3018818	217660	0
2021.06.09	15668.30	15677.10	15500.25	15573.20	2223896	227280	0
2021.06.10	15581.90	15638.25	15512.70	15584.40	3385664	213150	0
2021.06.11	15577.90	15723.20	15546.30	15719.20	2603675	224290	0
2021.06.14	15714.10	15803.20	15669.20	15720.20	2651038	213890	0
2021.06.15	15726.80	15791.20	15711.30	15742.90	2787101	213070	0
2021.06.16	15735.40	15759.00	15668.60	15708.10	3025009	211890	0
2021.06.17	15627.70	15758.60	15627.70	15731.80	3180644	221330	0
2021.06.18	15722.70	15743.70	15424.30	15444.00	4283640	217610	0
2021.06.21	15416.60	15645.25	15274.10	15639.40	3658817	215880	0
2021.06.22	15638.10	15659.95	15513.25	15629.40	3598439	219650	0
2021.06.23	15640.30	15675.10	15452.95	15478.90	3348642	217340	0
2021.06.24	15502.70	15608.60	15477.70	15590.90	3237275	217000	0
2021.06.25	15599.80	15638.40	15532.65	15613.60	2566825	215720	0
2021.06.28	15596.00	15669.95	15540.90	15577.90	3105570	215340	0
2021.06.29	15557.60	15755.80	15533.80	15694.90	3050169	209330	0
2021.06.30	15708.80	15713.65	15458.60	15569.80	3765338	209820	0
2021.07.01	15603.10	15711.15	15491.20	15629.40	3674127	213770	0
2021.07.02	15637.20	15710.10	15601.20	15665.30	3199196	211640	0
2021.07.05	15650.50	15673.55	15531.35	15664.50	2211044	216350	0
2021.07.06	15666.40	15695.10	15463.95	15519.20	3682078	209890	0
2021.07.07	15485.60	15716.25	15483.60	15714.80	4039307	208150	0
2021.07.08	15695.50	15700.50	15303.65	15421.80	5515637	205630	0
2021.07.09	15416.40	15698.25	15359.10	15683.40	3947705	205420	0
2021.07.12	15664.70	15806.30	15630.80	15796.30	3532507	208930	0
2021.07.13	15804.70	15815.40	15746.75	15785.60	3334017	207510	0
2021.07.14	15772.30	15809.35	15713.30	15775.50	3608343	211970	0
2021.07.15	15757.40	15780.40	15588.15	15637.40	4700566	210530	0
2021.07.16	15627.00	15699.95	15474.05	15502.00	4370222	208860	0
2021.07.19	15461.20	15462.60	15041.80	15128.80	5839887	208810	0
2021.07.20	15179.25	15296.90	15088.40	15254.30	4402190	204690	0
2021.07.21	15287.75	15462.50	15193.40	15450.30	3710655	207480	0
2021.07.22	15445.40	15578.55	15436.40	15524.70	3166553	209520	0
2021.07.23	15555.00	15692.00	15542.60	15662.20	2620661	209570	0
2021.07.26	15620.60	15641.80	15543.50	15629.90	3095660	205120	0
2021.07.27	15618.30	15622.40	15419.70	15547.40	3991805	208710	0
2021.07.28	15569.00	15588.10	15484.90	15548.10	3865001	207620	0
2021.07.29	15543.65	15660.85	15507.50	15612.90	2874996	207610	0
2021.07.30	15568.30	15611.75	15437.60	15543.90	3608125	205810	0
2021.08.02	15606.80	15704.75	15510.00	15518.90	3497368	206020	0
2021.08.03	15574.35	15606.25	15491.20	15577.80	3351519	207920	0
2021.08.04	15565.50	15710.60	15552.80	15670.40	2932659	210010	0
2021.08.05	15707.00	15755.30	15657.30	15748.60	2415049	213390	0
2021.08.06	15737.20	15805.30	15721.10	15769.90	2386149	211740	0
2021.08.09	15718.00	15796.95	15693.95	15760.00	2181726	210450	0
2021.08.10	15751.60	15798.55	15717.80	15783.60	2201914	207750	0
2021.08.11	15783.15	15887.45	15720.45	15856.40	2378014	208040	0
2021.08.12	15853.10	15974.10	15811.90	15952.40	2120423	205330	0
2021.08.13	15952.90	16030.60	15927.05	15983.20	1879603	205010	0
2021.08.16	15926.20	15961.85	15846.85	15954.00	2811300	203130	0
2021.08.17	15916.10	15935.85	15805.90	15911.00	3598261	204960	0
2021.08.18	15896.50	15975.00	15868.45	15891.80	3188489	205390	0
2021.08.19	15874.30	15897.80	15620.35	15800.40	4906940	203860	0
2021.08.20	15798.90	15828.95	15651.20	15819.00	3670111	208150	0
2021.08.23	15837.40	15937.30	15794.45	15850.50	2832359	219950	0
2021.08.24	15882.00	15924.90	15850.40	15890.00	2453314	215090	0
2021.08.25	15908.50	15930.85	15836.30	15839.80	2340708	236880	0
2021.08.26	15819.70	15830.10	15693.00	15757.05	3263963	269320	0
2021.08.27	15726.85	15872.25	15725.85	15851.70	2600527	212710	0
2021.08.30	15838.55	15894.90	15813.70	15886.00	1559899	190010	0
2021.08.31	15871.90	16005.00	15755.70	15815.80	3374378	189010	0
2021.09.01	15839.10	15978.50	15768.40	15802.50	3209628	188620	0
2021.09.02	15785.80	15874.45	15763.40	15814.70	2760358	190140	0
2021.09.03	15823.20	15868.45	15683.45	15764.50	2946565	190860	0
2021.09.06	15729.95	15957.85	15723.50	15925.70	3579787	153410	0
2021.09.07	15914.30	15926.30	15814.80	15820.00	2796176	180100	0
2021.09.08	15812.65	15845.50	15585.40	15613.60	4023050	190670	0
2021.09.09	15590.40	15691.25	15447.40	15567.40	3412089	193100	0
2021.09.10	15586.20	15700.40	15545.05	15548.20	3198831	190200	0
2021.09.13	15596.00	15785.35	15552.20	15723.40	3853691	195250	0
2021.09.14	15728.10	15761.30	15657.80	15685.30	3492554	188610	0
2021.09.15	15740.90	15745.90	15612.50	15690.60	2437319	196080	0
2021.09.16	15687.40	15745.40	15637.90	15708.30	1617053	231510	0
2021.09.17	15697.20	15793.30	15428.20	15506.80	2476093	230190	0
2021.09.20	15500.40	15504.40	15015.70	15115.80	333711	3341559	150
2021.09.21	15180.60	15390.60	15124.10	15306.00	256676	2571103	150
2021.09.22	15289.10	15547.85	15245.60	15500.70	234233	2345421	150
2021.09.23	15548.80	15696.30	15536.80	15664.70	168877	1695580	150
2021.09.24	15686.10	15686.10	15490.40	15547.00	191639	1922564	150
2021.09.27	15578.30	15715.45	15547.10	15598.40	195917	1966495	25
2021.09.28	15566.20	15624.35	15224.20	15260.80	299897	3003962	25
2021.09.29	15303.00	15420.20	15230.50	15334.90	254818	2550697	25
2021.09.30	15361.30	15468.90	15199.20	15218.05	248540	2476995	0
2021.10.01	15253.00	15267.15	14977.40	15234.90	305265	3054814	25
2021.10.04	15232.40	15239.40	15011.00	15073.30	311286	3114876	25
2021.10.05	15053.60	15202.90	14986.60	15167.50	222403	2225285	25
2021.10.06	15188.80	15191.80	14809.45	15056.75	308876	3089834	25
2021.10.07	15105.25	15256.40	15104.25	15218.50	200873	2013015	25
2021.10.08	15223.00	15267.00	15179.00	15194.30	203531	2039404	25
2021.10.11	15147.60	15235.90	15088.40	15130.20	392338	3923380	25
2021.10.12	15090.60	15177.70	15003.95	15149.55	471080	4710800	100
2021.10.13	15146.20	15299.40	15104.50	15271.80	432193	4321930	100
2021.10.14	15308.30	15498.40	15293.30	15493.10	332163	3321630	25
2021.10.15	15493.50	15597.55	15462.65	15594.00	372850	3728500	25
2021.10.18	15565.20	15594.20	15414.00	15489.30	337422	3374220	25
2021.10.19	15505.10	15524.45	15451.00	15503.15	333610	3336100	25
2021.10.20	15505.80	15568.80	15457.60	15515.60	359832	3598320	25
2021.10.21	15488.00	15529.10	15392.80	15505.30	332444	3324440	25
2021.10.22	15513.15	15611.95	15486.70	15569.85	372756	3727560	25
2021.10.25	15534.80	15637.35	15528.00	15629.50	340502	3405020	25
2021.10.26	15656.20	15781.45	15631.95	15733.00	406478	4064780	25
2021.10.27	15752.00	15752.55	15667.35	15676.80	396118	3961180	100
2021.10.28	15695.40	15715.40	15627.45	15684.30	401705	4017050	25
2021.10.29	15640.20	15725.25	15493.35	15710.10	428163	4281630	25
2021.11.01	15746.35	15846.30	15726.40	15818.50	334047	3340470	25
2021.11.02	15803.60	15959.65	15767.60	15956.35	321775	3217750	25
2021.11.03	15969.00	16030.85	15919.35	16030.15	332186	3321860	25
2021.11.04	16026.60	16063.75	15995.55	16026.90	339291	3392910	25
2021.11.05	16025.30	16089.65	15991.22	16048.20	345552	3455520	25
2021.11.08	16026.10	16070.35	16009.32	16036.50	297400	2974000	25
2021.11.09	16009.95	16106.95	15995.40	16039.10	358733	3587330	25
2021.11.10	16018.70	16080.65	15987.50	16012.60	424874	4248740	25
2021.11.11	16004.55	16119.75	16004.55	16083.15	317862	3178620	100
2021.11.12	16121.85	16128.00	16068.40	16096.20	296290	2962900	25
2021.11.15	16104.35	16153.75	16073.25	16137.40	303869	3038690	25
2021.11.16	16142.70	16270.05	16127.05	16241.60	308036	3080360	25
2021.11.17	16231.75	16286.55	16212.85	16257.90	284578	2845780	25
2021.11.18	16257.20	16293.20	16194.50	16246.60	340088	3400880	25
2021.11.19	16248.90	16301.40	16093.95	16151.30	357564	3575640	25
2021.11.22	16184.45	16206.65	16062.10	16075.70	374050	3740500	25
2021.11.23	16083.10	16095.40	15867.30	15999.70	457759	4577590	25
2021.11.24	16003.10	16030.55	15742.20	15907.45	451578	4515780	25
2021.11.25	15939.70	15969.20	15862.80	15922.80	196508	1965080	25
2021.11.26	15762.40	15762.40	15024.70	15114.70	444125	4441250	25
2021.11.29	15379.20	15462.87	15233.40	15319.40	387222	3872220	25
2021.11.30	15417.00	15418.00	14913.80	15116.20	498242	4982420	25
2021.12.01	15177.80	15507.00	15157.80	15158.00	448909	4489090	25
2021.12.02	15220.80	15396.17	15168.30	15334.10	416645	4166450	25
2021.12.03	15263.90	15436.20	15083.20	15177.20	470676	4706760	25
2021.12.06	15242.10	15419.40	15145.60	15400.30	380099	3800990	25
2021.12.07	15405.10	15844.10	15383.80	15811.10	287393	2873930	25
2021.12.08	15796.10	15839.70	15677.80	15712.80	284826	2848260	25
2021.12.09	15720.30	15755.30	15599.60	15603.60	281678	2816780	25
2021.12.10	15597.90	15689.60	15526.62	15642.10	269165	2691650	25
2021.12.13	15703.75	15795.50	15586.80	15600.40	298048	2980480	25
2021.12.14	15637.20	15696.90	15425.20	15523.30	231184	2311840	25
2021.12.15	15494.70	15638.10	15447.20	15637.10	189928	1899280	25
2021.12.16	15640.50	15780.70	15526.90	15564.80	182013	1820130	25
2021.12.17	15608.10	15615.60	15418.40	15472.70	233567	2335670	25
2021.12.20	15355.80	15395.30	15057.80	15327.20	235474	2354740	25
2021.12.21	15356.80	15511.20	15299.00	15506.80	180269	1802690	25
2021.12.22	15498.90	15636.15	15419.70	15623.40	146351	1463510	25
2021.12.23	15606.90	15776.05	15597.90	15740.30	111890	1118900	25
2021.12.27	15725.20	15896.80	15661.50	15894.80	92264	922640	25
2021.12.28	15871.30	15978.60	15832.60	15937.70	117176	1171760	25
2021.12.29	15951.10	15972.40	15801.20	15865.50	116296	1162960	25
2021.12.30	15861.80	15930.10	15833.60	15850.20	108660	1086600	25
2022.01.03	15924.90	16069.40	15853.90	16064.30	148731	1487310	25
2022.01.04	16013.90	16202.40	16007.90	16147.80	176509	1765090	25
2022.01.05	16126.80	16287.10	16070.50	16092.20	186456	1864560	25
2022.01.06	16072.00	16155.80	15965.00	16017.80	259735	2597350	25
2022.01.07	16069.70	16072.70	15859.20	15945.60	224259	2242590	25
2022.01.10	15914.40	16016.00	15720.30	15857.40	261744	2617440	25
2022.01.11	15867.70	16004.30	15830.70	15999.30	234572	2345720	25
2022.01.12	16002.30	16075.40	15948.10	16007.70	220606	2206060	25
2022.01.13	15999.10	16088.10	15887.15	15915.80	226200	2262000	25
2022.01.14	15905.10	15971.20	15830.40	15938.00	275999	2759990	25
2022.01.17	15920.50	15968.80	15888.50	15935.30	96310	963100	25
2022.01.18	15940.00	15964.00	15666.90	15775.00	279947	2799470	150
2022.01.19	15777.30	15898.40	15623.60	15774.30	274819	2748190	150
2022.01.20	15759.20	15920.00	15734.00	15763.50	225165	2251650	150
2022.01.21	15721.90	15741.40	15443.85	15449.10	346675	3466750	150
2022.01.24	15516.80	15585.30	14832.30	15265.20	415186	4151860	150
2022.01.25	15177.40	15256.55	14975.70	15169.80	367633	3676330	150
2022.01.26	15154.50	15552.95	15131.50	15367.30	306367	3063670	150
2022.01.27	15179.10	15585.90	15041.10	15415.30	405443	4054430	150
2022.01.28	15448.70	15508.70	15118.80	15440.60	360141	3601410	150
2022.01.31	15435.00	15585.75	15339.90	15568.30	253730	2537300	150
2022.02.01	15548.80	15692.60	15484.80	15668.00	208639	2086390	150
2022.02.02	15691.70	15742.00	15592.80	15647.30	211569	2115690	150
2022.02.03	15561.80	15613.00	15306.15	15313.40	268983	2689830	150
2022.02.04	15389.20	15511.80	15066.60	15164.30	260350	2603500	150
2022.02.07	15153.50	15266.35	15081.30	15195.60	251215	2512150	150
2022.02.08	15238.50	15349.60	15165.10	15287.90	233899	2338990	25
2022.02.09	15318.30	15542.80	15313.30	15539.80	181626	1816260	25
2022.02.10	15492.30	15624.40	15366.25	15404.30	292859	2928590	25
2022.02.11	15353.00	15521.40	15129.60	15172.50	283936	2839360	150
2022.02.14	15168.90	15228.40	14847.30	15090.30	345657	3456570	150
2022.02.15	15096.60	15444.10	15017.60	15436.00	213316	5759860	150
2022.02.16	15405.20	15552.30	15328.60	15437.60	223862	7835170	150
2022.02.17	15389.25	15445.30	15146.35	15174.30	223279	7814765	150
2022.02.18	15142.90	15368.20	14995.20	15048.30	250453	8765855	150
2022.02.21	15075.95	15240.80	14398.25	14471.90	209763	7341705	150
2022.02.22	14527.85	14790.20	14311.90	14677.50	345932	12107620	150
2022.02.23	14725.00	14908.00	14483.10	14517.50	231535	8103725	150
2022.02.24	14361.40	14458.40	13798.70	14327.95	421098	14738430	25
2022.02.25	14290.85	14676.25	14029.65	14669.25	323208	11312280	120
2022.02.28	14177.10	14523.85	13939.60	14298.45	287409	10059315	120
2022.03.01	14396.85	14483.50	13766.75	13837.45	349943	12248005	25
2022.03.02	13934.30	14123.65	13714.85	14015.95	287982	10079370	120
2022.03.03	13965.10	14075.95	13610.15	13666.75	270630	9472050	120
2022.03.04	13425.30	13561.55	12961.55	13122.45	275191	9631685	25
2022.03.07	12636.75	13155.15	12436.05	12648.45	296272	10369520	25
2022.03.08	12721.75	13349.15	12468.75	13024.25	338985	11864475	25
2022.03.09	13058.25	13999.55	12977.75	13843.65	317844	11124540	25
2022.03.10	13805.45	13863.40	13345.35	13498.35	287379	10058265	120
2022.03.11	13376.65	14102.75	13276.65	13537.05	280003	9800105	120
2022.03.14	13798.30	14083.55	13681.05	13894.45	304213	10647455	25
2022.03.15	13879.85	14012.35	13575.15	13982.75	308915	10812025	120
2022.03.16	13974.65	14561.65	13931.15	14509.05	299427	10479945	25
2022.03.17	14457.70	14532.10	14244.45	14385.25	184357	6452495	25
2022.03.18	14305.35	14498.85	14106.45	14472.25	227393	7958755	25
2022.03.21	14342.20	14461.85	14230.15	14316.95	173292	6065220	25
2022.03.22	14275.15	14530.65	14269.40	14505.55	138622	4851770	120
2022.03.23	14530.95	14584.95	14199.05	14200.05	161376	5648160	25
2022.03.24	14192.95	14382.35	14189.70	14342.65	165914	5806990	25
2022.03.25	14301.75	14436.25	14250.35	14392.65	159980	5599300	25
2022.03.28	14350.90	14633.65	14303.55	14539.85	194369	6802915	25
2022.03.29	14545.25	14932.85	14544.25	14858.95	243978	8539230	120
2022.03.30	14810.95	14830.95	14531.85	14600.45	192368	6732880	120
2022.03.31	14617.85	14736.10	14326.55	14333.95	196694	6884290	25
2022.04.01	14375.15	14514.45	14360.65	14476.75	198244	6938540	120
2022.04.04	14424.50	14571.25	14334.05	14557.95	173958	6088530	120
2022.04.05	14523.15	14607.90	14340.05	14374.95	191261	6694135	25
2022.04.06	14359.65	14443.45	14028.85	14148.45	279835	9794225	25
2022.04.07	14085.05	14321.05	14037.25	14201.45	243977	8539195	25
2022.04.08	14154.65	14328.95	14140.05	14232.25	211510	7402850	25
2022.04.11	14223.00	14308.40	14061.35	14067.75	225519	7893165	120
2022.04.12	14080.35	14186.55	13884.00	14013.15	275542	9643970	25
2022.04.13	14065.80	14152.05	13961.85	14097.85	209018	7315630	25
2022.04.14	14125.25	14204.15	14037.35	14091.55	211945	7418075	120
2022.04.19	14094.55	14242.35	13991.35	14240.35	210538	7368830	120
2022.04.20	14227.75	14383.25	14137.25	14335.55	223002	7805070	120
2022.04.21	14374.25	14602.15	14304.95	14334.35	246458	8626030	120
2022.04.22	14272.25	14376.50	14046.35	14060.95	276487	9677045	120
2022.04.25	14034.35	14108.40	13855.55	14086.35	383576	13425160	100
2022.04.26	14066.75	14166.75	13632.75	13632.75	286356	10022460	25
2022.04.27	13648.75	13853.55	13561.15	13746.95	381957	13368495	100
